created_at,entry_id,field1,field2,latitude,longitude,elevation,status
2021-03-04 09:28:51 MST,1,24.10000,41.00000,,,,
2021-03-04 09:29:06 MST,2,24.00000,36.00000,,,,
2021-03-04 09:29:22 MST,3,24.00000,36.00000,,,,
2021-03-04 09:29:37 MST,4,23.90000,36.00000,,,,
2021-03-04 09:29:52 MST,5,24.00000,36.00000,,,,
2021-03-04 09:30:08 MST,6,23.90000,36.00000,,,,
2021-03-04 09:30:23 MST,7,23.90000,37.00000,,,,
2021-03-04 09:30:39 MST,8,23.90000,37.00000,,,,
2021-03-04 09:30:54 MST,9,23.90000,36.00000,,,,
2021-03-04 09:31:09 MST,10,23.90000,36.00000,,,,
2021-03-04 09:31:25 MST,11,24.00000,36.00000,,,,
2021-03-04 09:31:40 MST,12,23.90000,36.00000,,,,
2021-03-04 09:31:56 MST,13,23.90000,39.00000,,,,
2021-03-04 09:32:11 MST,14,23.90000,38.00000,,,,
2021-03-04 09:32:27 MST,15,24.00000,37.00000,,,,
2021-03-04 09:32:42 MST,16,24.00000,38.00000,,,,
2021-03-04 09:33:00 MST,17,24.00000,37.00000,,,,
2021-03-04 09:34:01 MST,18,24.00000,36.00000,,,,
2021-03-04 09:35:01 MST,19,24.00000,37.00000,,,,
2021-03-04 09:36:02 MST,20,24.00000,39.00000,,,,
2021-03-04 09:37:02 MST,21,24.10000,40.00000,,,,
2021-03-04 09:38:03 MST,22,24.10000,40.00000,,,,
2021-03-04 09:39:03 MST,23,24.10000,38.00000,,,,
2021-03-04 09:39:37 MST,24,24.10000,37.00000,,,,
2021-03-04 09:49:37 MST,25,24.10000,36.00000,,,,
2021-03-04 09:59:38 MST,26,24.10000,37.00000,,,,
2021-03-04 10:09:38 MST,27,24.10000,38.00000,,,,
2021-03-04 10:19:38 MST,28,26.40000,68.00000,,,,
2021-03-04 10:29:39 MST,29,24.30000,35.00000,,,,
2021-03-04 10:39:39 MST,30,24.30000,35.00000,,,,
2021-03-04 10:49:40 MST,31,24.40000,35.00000,,,,
2021-03-04 10:59:40 MST,32,24.60000,36.00000,,,,
2021-03-04 11:09:41 MST,33,28.00000,95.00000,,,,
2021-03-04 11:19:41 MST,34,43.50000,16.00000,,,,
2021-03-04 11:29:41 MST,35,25.60000,34.00000,,,,
2021-03-04 15:30:21 MST,36,25.10000,44.00000,,,,
2021-03-04 15:40:22 MST,37,25.10000,44.00000,,,,
2021-03-04 15:50:22 MST,38,24.90000,41.00000,,,,
2021-03-04 16:00:23 MST,39,25.10000,40.00000,,,,
2021-03-04 16:10:23 MST,40,25.20000,38.00000,,,,
2021-03-14 17:31:23 MDT,41,22.80000,36.00000,,,,
2021-03-14 17:35:57 MDT,42,22.60000,36.00000,,,,
2021-03-14 17:40:58 MDT,43,22.50000,37.00000,,,,
2021-03-14 18:06:06 MDT,44,22.40000,35.00000,,,,
2021-03-14 18:11:07 MDT,45,22.40000,35.00000,,,,
2021-03-14 18:18:58 MDT,46,23.70000,36.00000,,,,
2021-03-14 18:19:36 MDT,47,23.40000,33.00000,,,,
2021-03-14 18:24:36 MDT,48,23.30000,35.00000,,,,
2021-03-14 18:25:21 MDT,49,22.80000,34.00000,,,,
2021-03-14 18:28:28 MDT,50,22.80000,37.00000,,,,
2021-03-14 18:33:28 MDT,51,22.70000,34.00000,,,,
2021-03-14 18:38:29 MDT,52,22.50000,34.00000,,,,
2021-03-14 18:43:30 MDT,53,22.50000,35.00000,,,,
2021-03-14 18:48:30 MDT,54,22.60000,35.00000,,,,
2021-03-14 18:53:31 MDT,55,22.60000,35.00000,,,,
2021-03-14 18:58:31 MDT,56,22.60000,37.00000,,,,
2021-03-14 19:03:32 MDT,57,22.60000,37.00000,,,,
2021-03-14 19:08:32 MDT,58,22.50000,35.00000,,,,
2021-03-14 19:13:33 MDT,59,22.50000,36.00000,,,,
2021-03-14 19:18:33 MDT,60,22.60000,35.00000,,,,
2021-03-14 19:23:34 MDT,61,22.60000,37.00000,,,,
2021-03-14 19:28:34 MDT,62,22.70000,40.00000,,,,
2021-03-14 19:33:35 MDT,63,22.50000,37.00000,,,,
2021-03-14 19:38:35 MDT,64,22.60000,38.00000,,,,
2021-03-14 19:43:36 MDT,65,22.50000,37.00000,,,,
2021-03-14 19:48:36 MDT,66,22.40000,38.00000,,,,
2021-03-14 19:53:37 MDT,67,22.60000,37.00000,,,,
2021-03-14 19:58:37 MDT,68,22.30000,36.00000,,,,
2021-03-14 20:03:38 MDT,69,22.10000,36.00000,,,,
2021-03-14 20:08:38 MDT,70,22.10000,36.00000,,,,
2021-03-14 20:13:38 MDT,71,22.00000,36.00000,,,,
2021-03-14 20:18:39 MDT,72,22.10000,36.00000,,,,
2021-03-14 20:23:39 MDT,73,22.00000,37.00000,,,,
2021-03-14 20:28:40 MDT,74,22.10000,37.00000,,,,
2021-03-14 20:33:40 MDT,75,22.30000,37.00000,,,,
2021-03-14 20:38:40 MDT,76,22.40000,39.00000,,,,
2021-03-14 20:43:41 MDT,77,22.50000,40.00000,,,,
2021-03-15 20:51:22 MDT,78,25.50000,45.00000,,,,
2021-03-15 20:56:23 MDT,79,25.30000,45.00000,,,,
2021-03-15 20:58:12 MDT,80,26.60000,41.00000,,,,
2021-03-15 21:03:12 MDT,81,26.60000,41.00000,,,,
2021-03-15 21:08:13 MDT,82,27.30000,39.00000,,,,
2021-03-15 21:13:14 MDT,83,27.90000,38.00000,,,,
2021-03-15 21:18:14 MDT,84,28.40000,37.00000,,,,
2021-03-15 21:23:15 MDT,85,28.90000,35.00000,,,,
2021-03-15 21:28:16 MDT,86,28.90000,34.00000,,,,
2021-03-15 21:33:16 MDT,87,27.80000,35.00000,,,,
2021-03-15 21:38:17 MDT,88,27.10000,37.00000,,,,
2021-03-15 21:43:18 MDT,89,26.60000,38.00000,,,,
2021-03-15 21:48:19 MDT,90,26.10000,38.00000,,,,
2021-03-15 21:53:19 MDT,91,26.00000,38.00000,,,,
2021-03-15 21:58:20 MDT,92,25.80000,38.00000,,,,
2021-03-15 22:03:20 MDT,93,25.90000,37.00000,,,,
2021-03-15 22:08:21 MDT,94,26.10000,37.00000,,,,
2021-03-15 22:13:21 MDT,95,26.40000,37.00000,,,,
2021-03-15 22:18:21 MDT,96,26.40000,37.00000,,,,
2021-03-15 22:23:22 MDT,97,26.40000,36.00000,,,,
2021-03-15 22:28:23 MDT,98,26.30000,37.00000,,,,
2021-03-15 22:33:23 MDT,99,26.00000,37.00000,,,,
2021-03-15 22:38:23 MDT,100,26.00000,37.00000,,,,
2021-03-15 22:43:24 MDT,101,25.90000,36.00000,,,,
2021-03-15 22:48:24 MDT,102,25.70000,36.00000,,,,
2021-03-15 22:53:25 MDT,103,25.40000,37.00000,,,,
2021-03-15 22:58:25 MDT,104,25.40000,37.00000,,,,
2021-03-15 23:03:26 MDT,105,25.40000,37.00000,,,,
2021-03-15 23:08:27 MDT,106,25.40000,36.00000,,,,
2021-03-19 17:21:45 MDT,107,22.80000,39.00000,,,,
2021-03-19 17:26:45 MDT,108,22.60000,39.00000,,,,
2021-03-19 17:31:46 MDT,109,22.90000,39.00000,,,,
2021-03-19 17:36:47 MDT,110,23.90000,37.00000,,,,
2021-03-19 17:41:47 MDT,111,25.50000,34.00000,,,,
2021-03-19 17:46:48 MDT,112,26.60000,31.00000,,,,
2021-03-19 17:51:48 MDT,113,27.40000,29.00000,,,,
2021-03-19 17:56:49 MDT,114,28.00000,30.00000,,,,
2021-03-19 18:01:49 MDT,115,27.90000,30.00000,,,,
2021-03-19 18:06:49 MDT,116,27.50000,30.00000,,,,
2021-03-19 18:11:50 MDT,117,27.30000,29.00000,,,,
2021-03-19 18:16:51 MDT,118,26.90000,29.00000,,,,
2021-03-19 18:18:50 MDT,119,26.00000,23.00000,,,,
2021-03-19 18:23:50 MDT,120,25.90000,22.00000,,,,
2021-03-19 18:28:51 MDT,121,19.00000,30.00000,,,,
2021-03-19 18:33:52 MDT,122,15.50000,34.00000,,,,
2021-03-19 18:38:53 MDT,123,12.10000,47.00000,,,,
2021-03-19 18:43:53 MDT,124,9.50000,52.00000,,,,
2021-03-19 18:48:54 MDT,125,8.40000,58.00000,,,,
2021-03-19 18:53:54 MDT,126,7.60000,64.00000,,,,
2021-03-19 18:58:54 MDT,127,7.20000,66.00000,,,,
2021-03-19 19:03:55 MDT,128,6.80000,67.00000,,,,
2021-03-19 19:08:56 MDT,129,6.50000,64.00000,,,,
2021-03-19 19:13:56 MDT,130,6.40000,66.00000,,,,
2021-03-19 19:18:57 MDT,131,6.20000,70.00000,,,,
2021-03-19 19:23:57 MDT,132,6.30000,72.00000,,,,
2021-03-19 19:28:58 MDT,133,6.00000,76.00000,,,,
2021-03-19 19:33:58 MDT,134,5.90000,76.00000,,,,
2021-03-19 19:38:59 MDT,135,5.80000,76.00000,,,,
2021-03-19 19:43:59 MDT,136,5.80000,76.00000,,,,
2021-03-19 19:49:00 MDT,137,5.90000,77.00000,,,,
2021-03-19 19:54:00 MDT,138,5.80000,78.00000,,,,
2021-03-19 19:59:01 MDT,139,5.60000,80.00000,,,,
2021-03-19 20:04:02 MDT,140,5.60000,80.00000,,,,
2021-03-19 20:09:02 MDT,141,5.60000,80.00000,,,,
2021-03-19 20:14:02 MDT,142,5.60000,79.00000,,,,
2021-03-19 20:19:03 MDT,143,5.90000,78.00000,,,,
2021-03-19 20:24:04 MDT,144,5.90000,75.00000,,,,
2021-03-19 20:29:04 MDT,145,5.80000,75.00000,,,,
2021-03-19 20:34:05 MDT,146,6.00000,76.00000,,,,
2021-03-19 20:39:07 MDT,147,5.80000,76.00000,,,,
2021-03-19 20:44:07 MDT,148,5.60000,77.00000,,,,
2021-03-19 20:49:08 MDT,149,5.40000,78.00000,,,,
2021-03-19 20:54:08 MDT,150,5.20000,79.00000,,,,
2021-03-19 20:59:09 MDT,151,5.30000,80.00000,,,,
2021-03-19 21:04:09 MDT,152,5.20000,77.00000,,,,
2021-03-19 21:09:10 MDT,153,5.30000,76.00000,,,,
2021-03-19 21:14:11 MDT,154,5.50000,78.00000,,,,
2021-03-19 21:19:11 MDT,155,5.50000,78.00000,,,,
2021-03-19 21:24:12 MDT,156,5.40000,75.00000,,,,
2021-03-19 21:29:12 MDT,157,5.30000,79.00000,,,,
2021-03-19 21:34:13 MDT,158,5.20000,80.00000,,,,
2021-03-19 21:39:13 MDT,159,5.30000,80.00000,,,,
2021-03-19 21:44:14 MDT,160,5.70000,78.00000,,,,
2021-03-19 21:49:14 MDT,161,5.70000,78.00000,,,,
2021-03-19 21:54:15 MDT,162,5.60000,78.00000,,,,
2021-03-19 21:59:15 MDT,163,5.40000,76.00000,,,,
2021-03-19 22:04:16 MDT,164,5.50000,79.00000,,,,
2021-03-19 22:09:16 MDT,165,5.40000,76.00000,,,,
2021-03-19 22:14:17 MDT,166,5.60000,75.00000,,,,
2021-03-19 22:19:17 MDT,167,5.90000,77.00000,,,,
2021-03-19 22:24:18 MDT,168,5.80000,79.00000,,,,
2021-03-19 22:29:18 MDT,169,5.90000,77.00000,,,,
2021-03-19 22:34:19 MDT,170,5.70000,79.00000,,,,
2021-03-19 22:39:20 MDT,171,5.50000,77.00000,,,,
2021-03-19 22:44:20 MDT,172,5.40000,80.00000,,,,
2021-03-19 22:49:21 MDT,173,5.30000,81.00000,,,,
2021-03-19 22:54:21 MDT,174,5.30000,80.00000,,,,
2021-03-19 22:59:22 MDT,175,5.20000,81.00000,,,,
2021-03-19 23:04:22 MDT,176,5.20000,81.00000,,,,
2021-03-19 23:09:22 MDT,177,5.00000,83.00000,,,,
2021-03-19 23:14:23 MDT,178,5.30000,82.00000,,,,
2021-03-19 23:19:24 MDT,179,5.50000,79.00000,,,,
2021-03-19 23:24:24 MDT,180,5.70000,77.00000,,,,
2021-03-19 23:29:24 MDT,181,5.90000,77.00000,,,,
2021-03-19 23:34:25 MDT,182,6.10000,75.00000,,,,
2021-03-19 23:39:25 MDT,183,5.70000,78.00000,,,,
2021-03-19 23:44:26 MDT,184,5.20000,82.00000,,,,
2021-03-19 23:49:27 MDT,185,4.90000,83.00000,,,,
2021-03-19 23:54:28 MDT,186,4.70000,84.00000,,,,
2021-03-19 23:59:28 MDT,187,4.40000,85.00000,,,,
2021-03-20 00:04:29 MDT,188,4.30000,87.00000,,,,
2021-03-20 00:09:29 MDT,189,4.10000,87.00000,,,,
2021-03-20 00:14:30 MDT,190,4.00000,87.00000,,,,
2021-03-20 00:19:30 MDT,191,4.00000,87.00000,,,,
2021-03-20 00:24:31 MDT,192,3.90000,87.00000,,,,
2021-03-20 00:29:31 MDT,193,4.00000,87.00000,,,,
2021-03-20 00:34:32 MDT,194,3.90000,87.00000,,,,
2021-03-20 00:39:33 MDT,195,4.00000,87.00000,,,,
2021-03-20 00:44:33 MDT,196,4.00000,87.00000,,,,
2021-03-20 00:49:34 MDT,197,4.30000,87.00000,,,,
2021-03-20 00:54:34 MDT,198,4.60000,87.00000,,,,
2021-03-20 00:59:35 MDT,199,4.60000,86.00000,,,,
2021-03-20 01:04:35 MDT,200,4.10000,87.00000,,,,
2021-03-20 01:09:36 MDT,201,3.90000,87.00000,,,,
2021-03-20 01:14:36 MDT,202,3.50000,87.00000,,,,
2021-03-20 01:19:37 MDT,203,3.80000,87.00000,,,,
2021-03-20 01:24:37 MDT,204,4.30000,87.00000,,,,
2021-03-20 01:29:38 MDT,205,4.20000,87.00000,,,,
2021-03-20 01:34:38 MDT,206,4.00000,87.00000,,,,
2021-03-20 01:39:39 MDT,207,4.10000,87.00000,,,,
2021-03-20 01:44:39 MDT,208,3.70000,87.00000,,,,
2021-03-20 01:49:40 MDT,209,3.50000,87.00000,,,,
2021-03-20 01:54:41 MDT,210,3.70000,87.00000,,,,
2021-03-20 01:59:41 MDT,211,3.60000,87.00000,,,,
2021-03-20 02:04:42 MDT,212,3.70000,87.00000,,,,
2021-03-20 02:09:43 MDT,213,3.90000,87.00000,,,,
2021-03-20 02:14:43 MDT,214,4.00000,87.00000,,,,
2021-03-20 02:19:44 MDT,215,3.80000,87.00000,,,,
2021-03-20 02:24:44 MDT,216,3.70000,87.00000,,,,
2021-03-20 02:29:45 MDT,217,3.70000,87.00000,,,,
2021-03-20 02:34:45 MDT,218,3.80000,87.00000,,,,
2021-03-20 02:39:45 MDT,219,4.20000,87.00000,,,,
2021-03-20 02:44:46 MDT,220,4.40000,87.00000,,,,
2021-03-20 02:49:46 MDT,221,4.70000,87.00000,,,,
2021-03-20 02:54:47 MDT,222,4.90000,86.00000,,,,
2021-03-20 02:59:48 MDT,223,4.60000,87.00000,,,,
2021-03-20 03:04:48 MDT,224,4.20000,87.00000,,,,
2021-03-20 03:09:48 MDT,225,3.80000,87.00000,,,,
2021-03-20 03:14:49 MDT,226,4.00000,87.00000,,,,
2021-03-20 03:19:49 MDT,227,4.20000,87.00000,,,,
2021-03-20 03:24:50 MDT,228,4.30000,87.00000,,,,
2021-03-20 03:29:50 MDT,229,4.50000,87.00000,,,,
2021-03-20 03:34:50 MDT,230,4.90000,85.00000,,,,
2021-03-20 03:39:51 MDT,231,4.70000,86.00000,,,,
2021-03-20 03:44:52 MDT,232,4.50000,86.00000,,,,
2021-03-20 03:49:52 MDT,233,4.10000,87.00000,,,,
2021-03-20 03:54:52 MDT,234,4.40000,87.00000,,,,
2021-03-20 03:59:53 MDT,235,4.70000,86.00000,,,,
2021-03-20 04:04:53 MDT,236,4.50000,87.00000,,,,
2021-03-20 04:09:54 MDT,237,4.50000,86.00000,,,,
2021-03-20 04:14:55 MDT,238,4.10000,87.00000,,,,
2021-03-20 04:19:55 MDT,239,3.70000,87.00000,,,,
2021-03-20 04:24:56 MDT,240,3.40000,87.00000,,,,
2021-03-20 04:29:56 MDT,241,3.20000,87.00000,,,,
2021-03-20 04:34:57 MDT,242,3.10000,87.00000,,,,
2021-03-20 04:39:57 MDT,243,3.00000,87.00000,,,,
2021-03-20 04:44:58 MDT,244,2.80000,87.00000,,,,
2021-03-20 04:49:58 MDT,245,2.60000,87.00000,,,,
2021-03-20 04:54:59 MDT,246,2.50000,87.00000,,,,
2021-03-20 05:00:00 MDT,247,2.50000,87.00000,,,,
2021-03-20 05:05:00 MDT,248,2.40000,87.00000,,,,
2021-03-20 05:10:01 MDT,249,2.50000,87.00000,,,,
2021-03-20 05:15:01 MDT,250,2.60000,87.00000,,,,
2021-03-20 05:20:03 MDT,251,2.90000,87.00000,,,,
2021-03-20 05:25:03 MDT,252,3.20000,87.00000,,,,
2021-03-20 05:30:04 MDT,253,3.10000,87.00000,,,,
2021-03-20 05:35:04 MDT,254,3.20000,87.00000,,,,
2021-03-20 05:40:05 MDT,255,3.10000,87.00000,,,,
2021-03-20 05:45:06 MDT,256,3.10000,87.00000,,,,
2021-03-20 05:50:07 MDT,257,3.10000,87.00000,,,,
2021-03-20 05:55:07 MDT,258,3.10000,87.00000,,,,
2021-03-20 06:00:08 MDT,259,3.00000,87.00000,,,,
2021-03-20 06:05:08 MDT,260,3.10000,87.00000,,,,
2021-03-20 06:10:09 MDT,261,3.10000,87.00000,,,,
2021-03-20 06:15:09 MDT,262,3.00000,87.00000,,,,
2021-03-20 06:20:10 MDT,263,3.10000,87.00000,,,,
2021-03-20 06:25:11 MDT,264,3.00000,87.00000,,,,
2021-03-20 06:30:11 MDT,265,3.00000,87.00000,,,,
2021-03-20 06:35:12 MDT,266,3.00000,87.00000,,,,
2021-03-20 06:40:12 MDT,267,3.00000,87.00000,,,,
2021-03-20 06:45:13 MDT,268,2.80000,87.00000,,,,
2021-03-20 06:50:13 MDT,269,3.20000,87.00000,,,,
2021-03-20 06:55:14 MDT,270,3.20000,87.00000,,,,
2021-03-20 07:00:14 MDT,271,3.10000,87.00000,,,,
2021-03-20 07:05:15 MDT,272,3.20000,87.00000,,,,
2021-03-20 07:10:15 MDT,273,3.50000,87.00000,,,,
2021-03-20 07:15:16 MDT,274,3.70000,87.00000,,,,
2021-03-20 07:20:16 MDT,275,3.40000,87.00000,,,,
2021-03-20 07:25:17 MDT,276,3.50000,87.00000,,,,
2021-03-20 07:30:17 MDT,277,3.40000,87.00000,,,,
2021-03-20 07:35:18 MDT,278,3.20000,87.00000,,,,
2021-03-20 07:40:18 MDT,279,3.20000,87.00000,,,,
2021-03-20 07:45:19 MDT,280,3.80000,87.00000,,,,
2021-03-20 07:50:19 MDT,281,4.00000,87.00000,,,,
2021-03-20 07:55:20 MDT,282,3.80000,87.00000,,,,
2021-03-20 08:00:20 MDT,283,3.60000,87.00000,,,,
2021-03-20 08:05:20 MDT,284,3.80000,87.00000,,,,
2021-03-20 08:10:21 MDT,285,3.30000,87.00000,,,,
2021-03-20 08:15:21 MDT,286,3.10000,87.00000,,,,
2021-03-20 08:20:22 MDT,287,3.60000,87.00000,,,,
2021-03-20 08:25:23 MDT,288,4.00000,87.00000,,,,
2021-03-20 08:30:23 MDT,289,4.10000,87.00000,,,,
2021-03-20 08:35:24 MDT,290,4.10000,87.00000,,,,
2021-03-20 08:40:24 MDT,291,3.80000,87.00000,,,,
2021-03-20 08:45:25 MDT,292,3.90000,87.00000,,,,
2021-03-20 08:50:25 MDT,293,3.80000,87.00000,,,,
2021-03-20 08:55:26 MDT,294,3.70000,87.00000,,,,
2021-03-20 09:00:26 MDT,295,3.60000,87.00000,,,,
2021-03-20 09:05:27 MDT,296,3.70000,87.00000,,,,
2021-03-20 09:10:28 MDT,297,3.80000,87.00000,,,,
2021-03-20 09:15:28 MDT,298,4.00000,87.00000,,,,
2021-03-20 09:20:28 MDT,299,4.10000,87.00000,,,,
2021-03-20 09:25:29 MDT,300,4.70000,87.00000,,,,
2021-03-20 09:30:29 MDT,301,5.50000,86.00000,,,,
2021-03-20 09:35:30 MDT,302,6.10000,82.00000,,,,
2021-03-20 09:40:30 MDT,303,6.30000,81.00000,,,,
2021-03-20 09:45:31 MDT,304,6.00000,81.00000,,,,
2021-03-20 09:50:32 MDT,305,5.60000,83.00000,,,,
2021-03-20 09:55:32 MDT,306,4.30000,86.00000,,,,
2021-03-20 10:00:33 MDT,307,3.80000,87.00000,,,,
2021-03-20 10:05:33 MDT,308,3.60000,87.00000,,,,
2021-03-20 10:10:34 MDT,309,3.40000,87.00000,,,,
2021-03-20 10:15:34 MDT,310,3.30000,87.00000,,,,
2021-03-20 10:20:35 MDT,311,3.30000,87.00000,,,,
2021-03-20 10:25:36 MDT,312,3.40000,87.00000,,,,
2021-03-20 10:30:36 MDT,313,3.50000,87.00000,,,,
2021-03-20 10:35:37 MDT,314,3.80000,87.00000,,,,
2021-03-20 10:40:37 MDT,315,4.30000,87.00000,,,,
2021-03-20 10:45:38 MDT,316,4.70000,87.00000,,,,
2021-03-20 10:50:39 MDT,317,5.10000,88.00000,,,,
2021-03-20 10:55:39 MDT,318,5.20000,88.00000,,,,
2021-03-20 11:00:40 MDT,319,5.10000,88.00000,,,,
2021-03-20 11:05:40 MDT,320,4.50000,87.00000,,,,
2021-03-20 11:10:41 MDT,321,4.20000,87.00000,,,,
2021-03-20 11:15:42 MDT,322,4.10000,87.00000,,,,
2021-03-20 11:20:43 MDT,323,3.80000,87.00000,,,,
2021-03-20 11:25:43 MDT,324,3.90000,87.00000,,,,
2021-03-20 11:30:43 MDT,325,3.80000,87.00000,,,,
2021-03-20 11:35:44 MDT,326,3.60000,87.00000,,,,
2021-03-20 11:40:45 MDT,327,3.50000,87.00000,,,,
2021-03-20 11:45:45 MDT,328,3.40000,87.00000,,,,
2021-03-20 11:50:46 MDT,329,3.50000,87.00000,,,,
2021-03-20 11:55:46 MDT,330,4.00000,87.00000,,,,
2021-03-20 12:00:47 MDT,331,4.40000,87.00000,,,,
2021-03-20 12:05:47 MDT,332,4.90000,87.00000,,,,
2021-03-20 12:10:48 MDT,333,4.60000,87.00000,,,,
2021-03-20 12:15:48 MDT,334,4.60000,87.00000,,,,
2021-03-20 12:20:49 MDT,335,4.50000,87.00000,,,,
2021-03-20 12:25:49 MDT,336,4.50000,87.00000,,,,
2021-03-20 12:30:50 MDT,337,4.80000,87.00000,,,,
2021-03-20 12:35:50 MDT,338,5.40000,88.00000,,,,
2021-03-20 12:40:51 MDT,339,6.20000,88.00000,,,,
2021-03-20 12:45:51 MDT,340,6.80000,82.00000,,,,
2021-03-20 12:50:52 MDT,341,6.80000,79.00000,,,,
2021-03-20 12:55:52 MDT,342,6.70000,79.00000,,,,
2021-03-20 13:00:53 MDT,343,6.50000,81.00000,,,,
2021-03-20 13:05:53 MDT,344,6.60000,83.00000,,,,
2021-03-20 13:10:54 MDT,345,6.70000,80.00000,,,,
2021-03-20 13:15:54 MDT,346,7.50000,80.00000,,,,
2021-03-20 13:20:55 MDT,347,8.00000,75.00000,,,,
2021-03-20 13:25:55 MDT,348,8.40000,75.00000,,,,
2021-03-20 13:30:55 MDT,349,8.40000,75.00000,,,,
2021-03-20 13:35:56 MDT,350,8.40000,75.00000,,,,
2021-03-20 13:40:57 MDT,351,8.10000,72.00000,,,,
2021-03-20 13:45:57 MDT,352,7.60000,76.00000,,,,
2021-03-20 13:50:58 MDT,353,7.20000,75.00000,,,,
2021-03-20 13:55:58 MDT,354,6.90000,80.00000,,,,
2021-03-20 14:00:59 MDT,355,6.70000,77.00000,,,,
2021-03-20 14:05:59 MDT,356,6.20000,83.00000,,,,
2021-03-20 14:11:00 MDT,357,6.60000,84.00000,,,,
2021-03-20 14:16:00 MDT,358,6.90000,83.00000,,,,
2021-03-20 14:21:01 MDT,359,6.80000,84.00000,,,,
2021-03-20 14:26:01 MDT,360,6.80000,82.00000,,,,
2021-03-20 14:31:01 MDT,361,7.00000,78.00000,,,,
2021-03-20 14:36:02 MDT,362,6.90000,84.00000,,,,
2021-03-20 14:41:03 MDT,363,7.30000,80.00000,,,,
2021-03-20 14:46:03 MDT,364,8.00000,79.00000,,,,
2021-03-20 14:51:04 MDT,365,8.50000,75.00000,,,,
2021-03-20 14:56:04 MDT,366,8.20000,73.00000,,,,
2021-03-20 15:01:05 MDT,367,7.90000,81.00000,,,,
2021-03-20 15:06:06 MDT,368,7.90000,78.00000,,,,
2021-03-20 15:11:06 MDT,369,7.60000,75.00000,,,,
2021-03-20 15:16:06 MDT,370,7.40000,75.00000,,,,
2021-03-20 15:21:07 MDT,371,7.30000,73.00000,,,,
2021-03-20 15:26:07 MDT,372,7.80000,70.00000,,,,
2021-03-20 15:31:08 MDT,373,7.50000,68.00000,,,,
2021-03-20 15:36:08 MDT,374,7.10000,76.00000,,,,
2021-03-20 15:41:09 MDT,375,6.70000,75.00000,,,,
2021-03-20 15:46:09 MDT,376,6.60000,78.00000,,,,
2021-03-20 15:51:10 MDT,377,6.40000,73.00000,,,,
2021-03-20 15:56:11 MDT,378,6.40000,81.00000,,,,
2021-03-20 16:01:11 MDT,379,6.50000,80.00000,,,,
2021-03-20 16:06:12 MDT,380,6.30000,82.00000,,,,
2021-03-20 16:11:12 MDT,381,6.20000,79.00000,,,,
2021-03-20 16:16:13 MDT,382,6.30000,75.00000,,,,
2021-03-20 16:21:13 MDT,383,6.40000,72.00000,,,,
2021-03-20 16:26:14 MDT,384,6.40000,73.00000,,,,
2021-03-20 16:31:15 MDT,385,6.60000,74.00000,,,,
2021-03-20 16:36:15 MDT,386,6.40000,70.00000,,,,
2021-03-20 16:41:16 MDT,387,6.20000,69.00000,,,,
2021-03-20 16:46:16 MDT,388,6.60000,69.00000,,,,
2021-03-20 16:51:16 MDT,389,7.10000,66.00000,,,,
2021-03-20 16:56:17 MDT,390,7.40000,67.00000,,,,
2021-03-20 17:01:17 MDT,391,7.70000,65.00000,,,,
2021-03-20 17:06:18 MDT,392,7.70000,66.00000,,,,
2021-03-20 17:11:18 MDT,393,7.60000,70.00000,,,,
2021-03-20 17:16:19 MDT,394,7.40000,69.00000,,,,
2021-03-20 17:21:19 MDT,395,7.00000,72.00000,,,,
2021-03-20 17:26:20 MDT,396,6.70000,72.00000,,,,
2021-03-20 17:31:20 MDT,397,6.80000,69.00000,,,,
2021-03-20 17:36:21 MDT,398,7.00000,66.00000,,,,
2021-03-20 17:41:21 MDT,399,6.90000,67.00000,,,,
2021-03-20 17:46:22 MDT,400,6.60000,69.00000,,,,
2021-03-20 17:51:22 MDT,401,6.30000,72.00000,,,,
2021-03-20 17:56:23 MDT,402,6.40000,71.00000,,,,
2021-03-20 18:01:23 MDT,403,6.80000,69.00000,,,,
2021-03-20 18:06:24 MDT,404,6.90000,68.00000,,,,
2021-03-20 18:11:25 MDT,405,7.00000,68.00000,,,,
2021-03-20 18:16:26 MDT,406,6.50000,69.00000,,,,
2021-03-20 18:21:26 MDT,407,6.60000,68.00000,,,,
2021-03-20 18:26:27 MDT,408,6.90000,66.00000,,,,
2021-03-20 18:31:27 MDT,409,6.90000,68.00000,,,,
2021-03-20 18:36:28 MDT,410,6.70000,67.00000,,,,
2021-03-20 18:41:28 MDT,411,6.80000,69.00000,,,,
2021-03-20 18:46:29 MDT,412,6.70000,70.00000,,,,
2021-03-20 18:51:29 MDT,413,6.50000,70.00000,,,,
2021-03-20 18:56:30 MDT,414,6.20000,74.00000,,,,
2021-03-20 19:01:31 MDT,415,6.10000,72.00000,,,,
2021-03-20 19:06:32 MDT,416,6.10000,73.00000,,,,
2021-03-20 19:11:32 MDT,417,5.90000,74.00000,,,,
2021-03-20 19:16:32 MDT,418,5.80000,72.00000,,,,
2021-03-20 19:21:33 MDT,419,5.70000,76.00000,,,,
2021-03-20 19:26:34 MDT,420,5.80000,76.00000,,,,
2021-03-20 19:31:34 MDT,421,5.80000,73.00000,,,,
2021-03-20 19:36:35 MDT,422,5.90000,74.00000,,,,
2021-03-20 19:41:35 MDT,423,5.50000,78.00000,,,,
2021-03-20 19:46:36 MDT,424,5.40000,78.00000,,,,
2021-03-20 19:51:36 MDT,425,5.10000,80.00000,,,,
2021-03-20 19:56:37 MDT,426,4.80000,81.00000,,,,
2021-03-20 20:01:37 MDT,427,4.80000,80.00000,,,,
2021-03-20 20:06:38 MDT,428,5.10000,78.00000,,,,
2021-03-20 20:11:38 MDT,429,5.10000,80.00000,,,,
2021-03-20 20:16:39 MDT,430,5.10000,81.00000,,,,
2021-03-20 20:21:39 MDT,431,5.20000,80.00000,,,,
2021-03-20 20:26:39 MDT,432,5.30000,78.00000,,,,
2021-03-20 20:31:40 MDT,433,5.30000,78.00000,,,,
2021-03-20 20:36:40 MDT,434,5.60000,76.00000,,,,
2021-03-20 20:41:41 MDT,435,5.10000,80.00000,,,,
2021-03-20 20:46:41 MDT,436,4.80000,74.00000,,,,
2021-03-20 20:51:42 MDT,437,4.70000,78.00000,,,,
2021-03-20 20:56:42 MDT,438,4.70000,76.00000,,,,
2021-03-20 21:01:42 MDT,439,5.20000,77.00000,,,,
2021-03-20 21:06:43 MDT,440,5.60000,73.00000,,,,
2021-03-20 21:11:43 MDT,441,5.90000,72.00000,,,,
2021-03-20 21:16:44 MDT,442,6.00000,69.00000,,,,
2021-03-20 21:21:44 MDT,443,6.20000,69.00000,,,,
2021-03-20 21:26:45 MDT,444,6.30000,65.00000,,,,
2021-03-20 21:31:45 MDT,445,6.60000,65.00000,,,,
2021-03-20 21:36:46 MDT,446,6.80000,64.00000,,,,
2021-03-20 21:41:46 MDT,447,6.50000,66.00000,,,,
2021-03-20 21:46:47 MDT,448,6.60000,67.00000,,,,
2021-03-20 21:51:47 MDT,449,6.80000,66.00000,,,,
2021-03-20 21:56:48 MDT,450,6.70000,68.00000,,,,
2021-03-20 22:01:48 MDT,451,6.30000,71.00000,,,,
2021-03-20 22:06:49 MDT,452,5.90000,69.00000,,,,
2021-03-20 22:11:51 MDT,453,5.90000,72.00000,,,,
2021-03-20 22:16:51 MDT,454,5.80000,71.00000,,,,
2021-03-20 22:21:52 MDT,455,5.70000,72.00000,,,,
2021-03-20 22:26:52 MDT,456,5.90000,70.00000,,,,
2021-03-20 22:31:52 MDT,457,6.00000,69.00000,,,,
2021-03-20 22:36:53 MDT,458,6.20000,70.00000,,,,
2021-03-20 22:41:54 MDT,459,6.40000,68.00000,,,,
2021-03-20 22:46:54 MDT,460,6.40000,67.00000,,,,
2021-03-20 22:51:55 MDT,461,6.20000,68.00000,,,,
2021-03-20 22:56:55 MDT,462,6.40000,68.00000,,,,
2021-03-20 23:01:56 MDT,463,6.70000,68.00000,,,,
2021-03-20 23:06:56 MDT,464,6.60000,67.00000,,,,
2021-03-20 23:11:57 MDT,465,6.40000,67.00000,,,,
2021-03-20 23:16:57 MDT,466,6.30000,66.00000,,,,
2021-03-20 23:21:58 MDT,467,6.00000,67.00000,,,,
2021-03-20 23:26:58 MDT,468,5.70000,70.00000,,,,
2021-03-20 23:31:59 MDT,469,5.30000,71.00000,,,,
2021-03-20 23:36:59 MDT,470,5.70000,70.00000,,,,
2021-03-20 23:42:00 MDT,471,6.00000,69.00000,,,,
2021-03-20 23:47:00 MDT,472,6.20000,68.00000,,,,
2021-03-20 23:52:01 MDT,473,6.30000,68.00000,,,,
2021-03-20 23:57:01 MDT,474,6.00000,68.00000,,,,
2021-03-21 00:02:02 MDT,475,5.80000,70.00000,,,,
2021-03-21 00:07:03 MDT,476,5.70000,71.00000,,,,
2021-03-21 00:12:03 MDT,477,5.40000,72.00000,,,,
2021-03-21 00:17:04 MDT,478,5.20000,73.00000,,,,
2021-03-21 00:22:04 MDT,479,5.30000,72.00000,,,,
2021-03-21 00:27:05 MDT,480,5.60000,71.00000,,,,
2021-03-21 00:32:05 MDT,481,5.80000,72.00000,,,,
2021-03-21 00:37:06 MDT,482,5.70000,71.00000,,,,
2021-03-21 00:42:06 MDT,483,5.60000,72.00000,,,,
2021-03-21 00:47:07 MDT,484,5.30000,74.00000,,,,
2021-03-21 00:52:07 MDT,485,5.10000,75.00000,,,,
2021-03-21 00:57:07 MDT,486,5.50000,72.00000,,,,
2021-03-21 01:02:08 MDT,487,5.80000,73.00000,,,,
2021-03-21 01:07:08 MDT,488,6.00000,69.00000,,,,
2021-03-21 01:12:09 MDT,489,6.10000,69.00000,,,,
2021-03-21 01:17:09 MDT,490,5.50000,72.00000,,,,
2021-03-21 01:22:10 MDT,491,4.80000,75.00000,,,,
2021-03-21 01:27:10 MDT,492,4.40000,77.00000,,,,
2021-03-21 01:32:11 MDT,493,4.30000,79.00000,,,,
2021-03-21 01:37:12 MDT,494,4.30000,78.00000,,,,
2021-03-21 01:42:12 MDT,495,4.30000,79.00000,,,,
2021-03-21 01:47:12 MDT,496,4.40000,78.00000,,,,
2021-03-21 01:52:13 MDT,497,5.00000,76.00000,,,,
2021-03-21 01:57:13 MDT,498,5.40000,74.00000,,,,
2021-03-21 02:02:14 MDT,499,5.50000,74.00000,,,,
2021-03-21 02:07:14 MDT,500,5.50000,73.00000,,,,
2021-03-21 02:12:15 MDT,501,5.20000,74.00000,,,,
2021-03-21 02:17:15 MDT,502,4.70000,74.00000,,,,
2021-03-21 02:22:16 MDT,503,4.80000,74.00000,,,,
2021-03-21 02:27:16 MDT,504,5.20000,73.00000,,,,
2021-03-21 02:32:16 MDT,505,5.40000,73.00000,,,,
2021-03-21 02:37:17 MDT,506,5.60000,72.00000,,,,
2021-03-21 02:42:17 MDT,507,5.40000,74.00000,,,,
2021-03-21 02:47:18 MDT,508,5.40000,74.00000,,,,
2021-03-21 02:52:18 MDT,509,5.30000,74.00000,,,,
2021-03-21 02:57:19 MDT,510,5.30000,74.00000,,,,
2021-03-21 03:02:19 MDT,511,5.30000,72.00000,,,,
2021-03-21 03:07:20 MDT,512,5.30000,73.00000,,,,
2021-03-21 03:12:20 MDT,513,5.30000,74.00000,,,,
2021-03-21 03:17:21 MDT,514,5.00000,75.00000,,,,
2021-03-21 03:22:21 MDT,515,5.00000,74.00000,,,,
2021-03-21 03:27:22 MDT,516,5.20000,72.00000,,,,
2021-03-21 03:32:22 MDT,517,5.20000,74.00000,,,,
2021-03-21 03:37:24 MDT,518,5.10000,75.00000,,,,
2021-03-21 03:42:24 MDT,519,4.80000,75.00000,,,,
2021-03-21 03:47:25 MDT,520,4.20000,77.00000,,,,
2021-03-21 03:52:25 MDT,521,4.10000,77.00000,,,,
2021-03-21 03:57:26 MDT,522,4.00000,79.00000,,,,
2021-03-21 04:02:26 MDT,523,4.20000,79.00000,,,,
2021-03-21 04:07:27 MDT,524,4.20000,78.00000,,,,
2021-03-21 04:12:27 MDT,525,4.50000,76.00000,,,,
2021-03-21 04:17:27 MDT,526,4.50000,77.00000,,,,
2021-03-21 04:22:28 MDT,527,4.70000,75.00000,,,,
2021-03-21 04:27:28 MDT,528,4.60000,75.00000,,,,
2021-03-21 04:32:29 MDT,529,4.40000,76.00000,,,,
2021-03-21 04:37:29 MDT,530,4.30000,77.00000,,,,
2021-03-21 04:42:30 MDT,531,4.00000,78.00000,,,,
2021-03-21 04:47:30 MDT,532,4.10000,79.00000,,,,
2021-03-21 04:52:30 MDT,533,3.80000,80.00000,,,,
2021-03-21 04:57:31 MDT,534,4.00000,79.00000,,,,
2021-03-21 05:02:32 MDT,535,4.10000,76.00000,,,,
2021-03-21 05:07:32 MDT,536,3.90000,79.00000,,,,
2021-03-21 05:12:33 MDT,537,4.00000,79.00000,,,,
2021-03-21 05:17:33 MDT,538,3.90000,79.00000,,,,
2021-03-21 05:22:34 MDT,539,4.10000,77.00000,,,,
2021-03-21 05:27:34 MDT,540,4.40000,76.00000,,,,
2021-03-21 05:32:34 MDT,541,4.80000,73.00000,,,,
2021-03-21 05:37:35 MDT,542,5.10000,72.00000,,,,
2021-03-21 05:42:35 MDT,543,4.80000,74.00000,,,,
2021-03-21 05:47:36 MDT,544,4.60000,75.00000,,,,
2021-03-21 05:52:36 MDT,545,4.70000,74.00000,,,,
2021-03-21 05:57:36 MDT,546,4.60000,75.00000,,,,
2021-03-21 06:02:37 MDT,547,4.50000,75.00000,,,,
2021-03-21 06:07:38 MDT,548,4.10000,78.00000,,,,
2021-03-21 06:12:38 MDT,549,3.60000,80.00000,,,,
2021-03-21 06:17:38 MDT,550,3.50000,81.00000,,,,
2021-03-21 06:22:39 MDT,551,3.20000,82.00000,,,,
2021-03-21 06:27:40 MDT,552,3.20000,83.00000,,,,
2021-03-21 06:32:40 MDT,553,3.10000,83.00000,,,,
2021-03-21 06:37:41 MDT,554,2.90000,84.00000,,,,
2021-03-21 06:42:41 MDT,555,2.90000,84.00000,,,,
2021-03-21 06:47:42 MDT,556,2.80000,85.00000,,,,
2021-03-21 06:52:42 MDT,557,2.90000,83.00000,,,,
2021-03-21 06:57:43 MDT,558,2.80000,84.00000,,,,
2021-03-21 07:02:43 MDT,559,3.00000,83.00000,,,,
2021-03-21 07:07:44 MDT,560,3.10000,82.00000,,,,
2021-03-21 07:12:44 MDT,561,3.00000,79.00000,,,,
2021-03-21 07:17:45 MDT,562,3.10000,78.00000,,,,
2021-03-21 07:22:46 MDT,563,3.30000,76.00000,,,,
2021-03-21 07:27:46 MDT,564,3.60000,75.00000,,,,
2021-03-21 07:32:46 MDT,565,3.60000,74.00000,,,,
2021-03-21 07:37:47 MDT,566,3.70000,73.00000,,,,
2021-03-21 07:42:48 MDT,567,3.70000,74.00000,,,,
2021-03-21 07:47:48 MDT,568,3.80000,73.00000,,,,
2021-03-21 07:52:49 MDT,569,3.70000,75.00000,,,,
2021-03-21 07:57:49 MDT,570,3.70000,73.00000,,,,
2021-03-21 08:02:53 MDT,571,3.70000,73.00000,,,,
2021-03-21 08:07:53 MDT,572,3.70000,72.00000,,,,
2021-03-21 08:12:54 MDT,573,4.00000,72.00000,,,,
2021-03-21 08:17:54 MDT,574,4.10000,71.00000,,,,
2021-03-21 08:22:55 MDT,575,4.20000,70.00000,,,,
2021-03-21 08:27:56 MDT,576,4.20000,71.00000,,,,
2021-03-21 08:32:56 MDT,577,4.30000,70.00000,,,,
2021-03-21 08:37:57 MDT,578,4.60000,70.00000,,,,
2021-03-21 08:42:57 MDT,579,4.70000,68.00000,,,,
2021-03-21 08:47:57 MDT,580,5.10000,68.00000,,,,
2021-03-21 08:52:58 MDT,581,5.30000,67.00000,,,,
2021-03-21 08:57:58 MDT,582,5.70000,66.00000,,,,
2021-03-21 09:02:59 MDT,583,5.40000,66.00000,,,,
2021-03-21 09:07:59 MDT,584,5.10000,68.00000,,,,
2021-03-21 09:12:59 MDT,585,5.00000,68.00000,,,,
2021-03-21 09:18:00 MDT,586,4.80000,68.00000,,,,
2021-03-21 09:23:00 MDT,587,5.10000,67.00000,,,,
2021-03-21 09:28:01 MDT,588,4.80000,67.00000,,,,
2021-03-21 09:33:01 MDT,589,4.60000,69.00000,,,,
2021-03-21 09:38:02 MDT,590,4.50000,69.00000,,,,
2021-03-21 09:43:02 MDT,591,5.10000,68.00000,,,,
2021-03-21 09:48:02 MDT,592,5.30000,67.00000,,,,
2021-03-21 09:53:03 MDT,593,5.70000,66.00000,,,,
2021-03-21 09:58:03 MDT,594,6.20000,65.00000,,,,
2021-03-21 10:03:04 MDT,595,6.50000,65.00000,,,,
2021-03-21 10:08:04 MDT,596,6.50000,66.00000,,,,
2021-03-21 10:13:05 MDT,597,6.20000,67.00000,,,,
2021-03-21 10:18:06 MDT,598,6.10000,68.00000,,,,
2021-03-21 10:23:06 MDT,599,6.00000,69.00000,,,,
2021-03-21 10:28:07 MDT,600,6.20000,70.00000,,,,
2021-03-21 10:33:07 MDT,601,6.20000,72.00000,,,,
2021-03-21 10:38:08 MDT,602,6.40000,72.00000,,,,
2021-03-21 10:43:08 MDT,603,7.00000,69.00000,,,,
2021-03-21 10:48:08 MDT,604,7.40000,70.00000,,,,
2021-03-21 10:53:09 MDT,605,7.60000,68.00000,,,,
2021-03-21 10:58:10 MDT,606,7.30000,70.00000,,,,
2021-03-21 11:03:10 MDT,607,6.80000,71.00000,,,,
2021-03-21 11:08:11 MDT,608,6.00000,78.00000,,,,
2021-03-21 11:13:11 MDT,609,5.90000,80.00000,,,,
2021-03-21 11:18:12 MDT,610,5.90000,81.00000,,,,
2021-03-21 11:23:12 MDT,611,6.10000,80.00000,,,,
2021-03-21 11:28:13 MDT,612,6.00000,80.00000,,,,
2021-03-21 11:33:14 MDT,613,5.80000,80.00000,,,,
2021-03-21 11:38:15 MDT,614,5.90000,80.00000,,,,
2021-03-21 11:43:15 MDT,615,5.40000,81.00000,,,,
2021-03-21 11:48:15 MDT,616,4.80000,83.00000,,,,
2021-03-21 11:53:16 MDT,617,5.00000,84.00000,,,,
2021-03-21 11:58:16 MDT,618,5.50000,83.00000,,,,
2021-03-21 12:03:17 MDT,619,5.60000,83.00000,,,,
2021-03-21 12:08:17 MDT,620,5.50000,83.00000,,,,
2021-03-21 12:13:18 MDT,621,5.60000,82.00000,,,,
2021-03-21 12:18:18 MDT,622,5.50000,82.00000,,,,
2021-03-21 12:23:19 MDT,623,5.30000,85.00000,,,,
2021-03-21 12:28:19 MDT,624,5.20000,84.00000,,,,
2021-03-21 12:33:20 MDT,625,4.80000,85.00000,,,,
2021-03-21 12:38:20 MDT,626,5.30000,87.00000,,,,
2021-03-21 12:43:21 MDT,627,5.70000,86.00000,,,,
2021-03-21 12:48:21 MDT,628,5.90000,84.00000,,,,
2021-03-21 12:53:22 MDT,629,6.20000,82.00000,,,,
2021-03-21 12:58:22 MDT,630,5.70000,82.00000,,,,
2021-03-21 13:03:22 MDT,631,5.70000,83.00000,,,,
2021-03-21 13:08:23 MDT,632,5.80000,81.00000,,,,
2021-03-21 13:13:24 MDT,633,5.30000,83.00000,,,,
2021-03-21 13:18:24 MDT,634,5.00000,84.00000,,,,
2021-03-21 13:23:25 MDT,635,4.90000,85.00000,,,,
2021-03-21 13:28:25 MDT,636,4.80000,83.00000,,,,
2021-03-21 13:33:26 MDT,637,4.90000,84.00000,,,,
2021-03-21 13:38:26 MDT,638,5.00000,85.00000,,,,
2021-03-21 13:43:27 MDT,639,5.10000,85.00000,,,,
2021-03-21 13:48:28 MDT,640,5.30000,84.00000,,,,
2021-03-21 13:53:28 MDT,641,5.00000,84.00000,,,,
2021-03-21 13:58:29 MDT,642,5.10000,87.00000,,,,
2021-03-21 14:03:29 MDT,643,5.70000,83.00000,,,,
2021-03-21 14:08:29 MDT,644,6.30000,83.00000,,,,
2021-03-21 14:13:30 MDT,645,6.20000,82.00000,,,,
2021-03-21 14:18:31 MDT,646,6.10000,80.00000,,,,
2021-03-21 14:23:32 MDT,647,6.00000,81.00000,,,,
2021-03-21 14:28:32 MDT,648,5.60000,81.00000,,,,
2021-03-21 14:33:33 MDT,649,5.30000,83.00000,,,,
2021-03-21 14:38:33 MDT,650,5.40000,84.00000,,,,
2021-03-21 14:43:33 MDT,651,5.40000,85.00000,,,,
2021-03-21 14:48:34 MDT,652,5.60000,83.00000,,,,
2021-03-21 14:53:35 MDT,653,5.70000,82.00000,,,,
2021-03-21 14:58:35 MDT,654,5.60000,81.00000,,,,
2021-03-21 15:03:35 MDT,655,5.30000,82.00000,,,,
2021-03-21 15:08:36 MDT,656,4.80000,82.00000,,,,
2021-03-21 15:13:37 MDT,657,4.70000,82.00000,,,,
2021-03-21 15:18:37 MDT,658,4.50000,85.00000,,,,
2021-03-21 15:23:38 MDT,659,4.40000,87.00000,,,,
2021-03-21 15:28:38 MDT,660,4.60000,84.00000,,,,
2021-03-21 15:33:39 MDT,661,4.60000,86.00000,,,,
2021-03-21 15:38:40 MDT,662,4.60000,87.00000,,,,
2021-03-21 15:43:40 MDT,663,4.60000,87.00000,,,,
2021-03-21 15:48:41 MDT,664,4.90000,84.00000,,,,
2021-03-21 15:53:41 MDT,665,4.80000,85.00000,,,,
2021-03-21 15:58:42 MDT,666,4.80000,84.00000,,,,
2021-03-21 16:03:42 MDT,667,4.60000,86.00000,,,,
2021-03-21 16:08:42 MDT,668,4.60000,87.00000,,,,
2021-03-21 16:13:43 MDT,669,5.00000,85.00000,,,,
2021-03-21 16:18:43 MDT,670,5.20000,83.00000,,,,
2021-03-21 16:23:44 MDT,671,5.20000,85.00000,,,,
2021-03-21 16:28:44 MDT,672,5.20000,85.00000,,,,
2021-03-21 16:33:45 MDT,673,5.20000,86.00000,,,,
2021-03-21 16:38:45 MDT,674,5.70000,82.00000,,,,
2021-03-21 16:43:46 MDT,675,5.50000,84.00000,,,,
2021-03-21 16:48:46 MDT,676,5.60000,83.00000,,,,
2021-03-21 16:53:47 MDT,677,5.00000,86.00000,,,,
2021-03-21 16:58:48 MDT,678,4.70000,87.00000,,,,
2021-03-21 17:03:48 MDT,679,4.50000,87.00000,,,,
2021-03-21 17:08:49 MDT,680,4.90000,87.00000,,,,
2021-03-21 17:13:49 MDT,681,4.80000,87.00000,,,,
2021-03-21 17:18:50 MDT,682,4.40000,87.00000,,,,
2021-03-21 17:23:50 MDT,683,4.20000,87.00000,,,,
2021-03-21 17:28:51 MDT,684,4.40000,87.00000,,,,
2021-03-21 17:33:51 MDT,685,4.70000,87.00000,,,,
2021-03-21 17:38:51 MDT,686,4.30000,87.00000,,,,
2021-03-21 17:43:52 MDT,687,4.30000,87.00000,,,,
2021-03-21 17:48:52 MDT,688,4.30000,87.00000,,,,
2021-03-21 17:53:53 MDT,689,4.00000,87.00000,,,,
2021-03-21 17:58:54 MDT,690,3.80000,87.00000,,,,
2021-03-21 18:03:54 MDT,691,3.90000,87.00000,,,,
2021-03-21 18:08:55 MDT,692,4.00000,87.00000,,,,
2021-03-21 18:13:55 MDT,693,4.50000,87.00000,,,,
2021-03-21 18:18:56 MDT,694,4.50000,87.00000,,,,
2021-03-21 18:23:56 MDT,695,4.60000,85.00000,,,,
2021-03-21 18:28:57 MDT,696,4.60000,87.00000,,,,
2021-03-21 18:33:57 MDT,697,4.50000,87.00000,,,,
2021-03-21 18:38:57 MDT,698,4.20000,87.00000,,,,
2021-03-21 18:43:58 MDT,699,4.00000,87.00000,,,,
2021-03-21 18:48:58 MDT,700,4.00000,87.00000,,,,
2021-03-21 18:53:59 MDT,701,4.00000,87.00000,,,,
2021-03-21 18:58:59 MDT,702,3.90000,87.00000,,,,
2021-03-21 19:04:00 MDT,703,3.60000,87.00000,,,,
2021-03-21 19:09:00 MDT,704,3.60000,87.00000,,,,
2021-03-21 19:14:00 MDT,705,3.60000,87.00000,,,,
2021-03-21 19:19:01 MDT,706,3.60000,87.00000,,,,
2021-03-21 19:24:02 MDT,707,3.70000,87.00000,,,,
2021-03-21 19:29:02 MDT,708,4.10000,87.00000,,,,
2021-03-21 19:34:03 MDT,709,3.80000,87.00000,,,,
2021-03-21 19:39:03 MDT,710,3.80000,87.00000,,,,
2021-03-21 19:44:05 MDT,711,3.80000,87.00000,,,,
2021-03-21 19:49:05 MDT,712,3.40000,86.00000,,,,
2021-03-21 19:54:05 MDT,713,3.60000,86.00000,,,,
2021-03-21 19:59:06 MDT,714,3.90000,87.00000,,,,
2021-03-21 20:04:07 MDT,715,3.80000,87.00000,,,,
2021-03-21 20:09:07 MDT,716,3.50000,87.00000,,,,
2021-03-21 20:14:08 MDT,717,3.60000,87.00000,,,,
2021-03-21 20:19:08 MDT,718,3.60000,87.00000,,,,
2021-03-21 20:24:09 MDT,719,3.40000,87.00000,,,,
2021-03-21 20:29:09 MDT,720,3.20000,87.00000,,,,
2021-03-21 20:34:10 MDT,721,3.40000,87.00000,,,,
2021-03-21 20:39:10 MDT,722,3.50000,87.00000,,,,
2021-03-21 20:44:10 MDT,723,3.70000,87.00000,,,,
2021-03-21 20:49:11 MDT,724,4.00000,87.00000,,,,
2021-03-21 20:54:12 MDT,725,4.10000,87.00000,,,,
2021-03-21 20:59:12 MDT,726,4.20000,87.00000,,,,
2021-03-21 21:04:13 MDT,727,3.80000,87.00000,,,,
2021-03-21 21:09:13 MDT,728,3.50000,87.00000,,,,
2021-03-21 21:14:14 MDT,729,3.30000,87.00000,,,,
2021-03-21 21:19:14 MDT,730,3.40000,87.00000,,,,
2021-03-21 21:24:15 MDT,731,3.40000,87.00000,,,,
2021-03-21 21:29:15 MDT,732,3.10000,87.00000,,,,
2021-03-21 21:34:16 MDT,733,3.10000,86.00000,,,,
2021-03-21 21:39:16 MDT,734,3.10000,87.00000,,,,
2021-03-21 21:44:16 MDT,735,3.30000,86.00000,,,,
2021-03-21 21:49:17 MDT,736,3.80000,82.00000,,,,
2021-03-21 21:54:18 MDT,737,3.80000,82.00000,,,,
2021-03-21 21:59:18 MDT,738,3.50000,85.00000,,,,
2021-03-21 22:04:18 MDT,739,3.60000,87.00000,,,,
2021-03-21 22:09:19 MDT,740,3.90000,86.00000,,,,
2021-03-21 22:14:19 MDT,741,4.10000,82.00000,,,,
2021-03-21 22:19:20 MDT,742,4.20000,82.00000,,,,
2021-03-21 22:24:21 MDT,743,4.30000,75.00000,,,,
2021-03-21 22:29:21 MDT,744,4.40000,77.00000,,,,
2021-03-21 22:34:22 MDT,745,4.10000,82.00000,,,,
2021-03-21 22:39:22 MDT,746,3.60000,84.00000,,,,
2021-03-21 22:44:23 MDT,747,3.40000,86.00000,,,,
2021-03-21 22:49:23 MDT,748,3.30000,86.00000,,,,
2021-03-21 22:54:24 MDT,749,3.20000,85.00000,,,,
2021-03-21 22:59:24 MDT,750,3.00000,87.00000,,,,
2021-03-21 23:04:25 MDT,751,3.10000,84.00000,,,,
2021-03-21 23:09:25 MDT,752,3.70000,82.00000,,,,
2021-03-21 23:14:25 MDT,753,4.00000,82.00000,,,,
2021-03-21 23:19:26 MDT,754,4.00000,80.00000,,,,
2021-03-21 23:24:27 MDT,755,4.20000,76.00000,,,,
2021-03-21 23:29:28 MDT,756,4.00000,75.00000,,,,
2021-03-21 23:34:28 MDT,757,3.80000,81.00000,,,,
2021-03-21 23:39:29 MDT,758,4.10000,77.00000,,,,
2021-03-21 23:44:29 MDT,759,4.10000,78.00000,,,,
2021-03-21 23:49:29 MDT,760,3.60000,77.00000,,,,
2021-03-21 23:54:30 MDT,761,3.60000,78.00000,,,,
2021-03-21 23:59:30 MDT,762,3.30000,81.00000,,,,
2021-03-22 00:04:31 MDT,763,3.30000,86.00000,,,,
2021-03-22 00:09:32 MDT,764,3.20000,84.00000,,,,
2021-03-22 00:14:32 MDT,765,3.20000,85.00000,,,,
2021-03-22 00:19:33 MDT,766,3.20000,81.00000,,,,
2021-03-22 00:24:34 MDT,767,3.80000,77.00000,,,,
2021-03-22 00:29:34 MDT,768,4.10000,73.00000,,,,
2021-03-22 00:34:35 MDT,769,4.00000,75.00000,,,,
2021-03-22 00:39:36 MDT,770,3.80000,74.00000,,,,
2021-03-22 00:44:36 MDT,771,3.60000,76.00000,,,,
2021-03-22 00:49:37 MDT,772,3.40000,77.00000,,,,
2021-03-22 00:54:37 MDT,773,3.40000,78.00000,,,,
2021-03-22 00:59:38 MDT,774,3.30000,80.00000,,,,
2021-03-22 01:04:38 MDT,775,3.20000,80.00000,,,,
2021-03-22 01:09:39 MDT,776,3.10000,83.00000,,,,
2021-03-22 01:14:39 MDT,777,3.20000,83.00000,,,,
2021-03-22 01:19:40 MDT,778,3.60000,82.00000,,,,
2021-03-22 01:24:40 MDT,779,3.90000,76.00000,,,,
2021-03-22 01:29:41 MDT,780,3.80000,77.00000,,,,
2021-03-22 01:34:41 MDT,781,3.60000,77.00000,,,,
2021-03-22 01:39:42 MDT,782,3.80000,79.00000,,,,
2021-03-22 01:44:42 MDT,783,3.80000,78.00000,,,,
2021-03-22 01:49:42 MDT,784,4.00000,79.00000,,,,
2021-03-22 01:54:43 MDT,785,4.10000,76.00000,,,,
2021-03-22 01:59:43 MDT,786,3.70000,77.00000,,,,
2021-03-22 02:04:44 MDT,787,3.60000,78.00000,,,,
2021-03-22 02:09:44 MDT,788,3.80000,80.00000,,,,
2021-03-22 02:14:45 MDT,789,4.00000,76.00000,,,,
2021-03-22 02:19:45 MDT,790,3.90000,77.00000,,,,
2021-03-22 02:24:45 MDT,791,3.90000,77.00000,,,,
2021-03-22 02:29:46 MDT,792,4.10000,75.00000,,,,
2021-03-22 02:34:46 MDT,793,4.30000,73.00000,,,,
2021-03-22 02:39:47 MDT,794,4.40000,73.00000,,,,
2021-03-22 02:44:48 MDT,795,4.40000,71.00000,,,,
2021-03-22 02:49:48 MDT,796,3.90000,72.00000,,,,
2021-03-22 02:54:48 MDT,797,3.50000,74.00000,,,,
2021-03-22 02:59:49 MDT,798,3.40000,76.00000,,,,
2021-03-22 03:04:49 MDT,799,3.70000,73.00000,,,,
2021-03-22 03:09:50 MDT,800,3.90000,72.00000,,,,
2021-03-22 03:14:50 MDT,801,3.90000,73.00000,,,,
2021-03-22 03:19:51 MDT,802,3.60000,73.00000,,,,
2021-03-22 03:24:52 MDT,803,3.70000,72.00000,,,,
2021-03-22 03:29:52 MDT,804,3.90000,72.00000,,,,
2021-03-22 03:34:53 MDT,805,3.80000,75.00000,,,,
2021-03-22 03:39:54 MDT,806,3.70000,76.00000,,,,
2021-03-22 03:44:54 MDT,807,3.70000,77.00000,,,,
2021-03-22 03:49:55 MDT,808,3.80000,78.00000,,,,
2021-03-22 03:54:55 MDT,809,4.00000,77.00000,,,,
2021-03-22 03:59:56 MDT,810,4.00000,77.00000,,,,
2021-03-22 04:04:56 MDT,811,3.90000,79.00000,,,,
2021-03-22 04:09:57 MDT,812,3.40000,81.00000,,,,
2021-03-22 04:14:57 MDT,813,3.40000,80.00000,,,,
2021-03-22 04:19:58 MDT,814,3.60000,79.00000,,,,
2021-03-22 04:24:58 MDT,815,3.60000,79.00000,,,,
2021-03-22 04:29:59 MDT,816,3.60000,80.00000,,,,
2021-03-22 04:34:59 MDT,817,3.60000,80.00000,,,,
2021-03-22 04:40:00 MDT,818,3.50000,81.00000,,,,
2021-03-22 04:45:00 MDT,819,3.10000,84.00000,,,,
2021-03-22 04:50:01 MDT,820,2.60000,87.00000,,,,
2021-03-22 04:55:03 MDT,821,2.20000,87.00000,,,,
2021-03-22 05:00:04 MDT,822,2.40000,87.00000,,,,
2021-03-22 05:05:04 MDT,823,2.30000,87.00000,,,,
2021-03-22 05:10:05 MDT,824,2.40000,87.00000,,,,
2021-03-22 05:15:05 MDT,825,2.80000,87.00000,,,,
2021-03-22 05:20:06 MDT,826,3.10000,87.00000,,,,
2021-03-22 05:25:07 MDT,827,3.00000,86.00000,,,,
2021-03-22 05:30:07 MDT,828,2.50000,87.00000,,,,
2021-03-22 05:35:07 MDT,829,2.00000,87.00000,,,,
2021-03-22 05:40:08 MDT,830,2.20000,87.00000,,,,
2021-03-22 05:45:08 MDT,831,2.70000,87.00000,,,,
2021-03-22 05:50:09 MDT,832,3.00000,86.00000,,,,
2021-03-22 05:55:09 MDT,833,3.20000,83.00000,,,,
2021-03-22 06:00:10 MDT,834,3.10000,83.00000,,,,
2021-03-22 06:05:10 MDT,835,2.70000,85.00000,,,,
2021-03-22 06:10:11 MDT,836,2.80000,84.00000,,,,
2021-03-22 06:15:11 MDT,837,2.40000,87.00000,,,,
2021-03-22 06:20:11 MDT,838,2.20000,87.00000,,,,
2021-03-22 06:25:12 MDT,839,2.30000,87.00000,,,,
2021-03-22 06:30:12 MDT,840,2.70000,87.00000,,,,
2021-03-22 06:35:13 MDT,841,2.90000,85.00000,,,,
2021-03-22 06:40:13 MDT,842,3.10000,84.00000,,,,
2021-03-22 06:45:13 MDT,843,3.50000,79.00000,,,,
2021-03-22 06:50:14 MDT,844,3.50000,80.00000,,,,
2021-03-22 06:55:14 MDT,845,3.30000,81.00000,,,,
2021-03-22 07:00:15 MDT,846,2.90000,84.00000,,,,
2021-03-22 07:05:16 MDT,847,3.10000,83.00000,,,,
2021-03-22 07:10:16 MDT,848,3.30000,83.00000,,,,
2021-03-22 07:15:16 MDT,849,3.00000,84.00000,,,,
2021-03-22 07:20:17 MDT,850,2.80000,85.00000,,,,
2021-03-22 07:25:18 MDT,851,2.90000,85.00000,,,,
2021-03-22 07:30:18 MDT,852,3.10000,84.00000,,,,
2021-03-22 07:35:18 MDT,853,3.00000,84.00000,,,,
2021-03-22 07:40:19 MDT,854,3.00000,83.00000,,,,
2021-03-22 07:45:19 MDT,855,3.30000,81.00000,,,,
2021-03-22 07:50:20 MDT,856,3.50000,80.00000,,,,
2021-03-22 07:55:20 MDT,857,3.40000,82.00000,,,,
2021-03-22 08:00:21 MDT,858,3.50000,81.00000,,,,
2021-03-22 08:05:21 MDT,859,3.40000,82.00000,,,,
2021-03-22 08:10:21 MDT,860,3.30000,83.00000,,,,
2021-03-22 08:15:22 MDT,861,3.40000,83.00000,,,,
2021-03-22 08:20:22 MDT,862,3.50000,85.00000,,,,
2021-03-22 08:25:23 MDT,863,3.60000,84.00000,,,,
2021-03-22 08:30:23 MDT,864,3.80000,84.00000,,,,
2021-03-22 08:35:24 MDT,865,3.50000,85.00000,,,,
2021-03-22 08:40:24 MDT,866,3.60000,86.00000,,,,
2021-03-22 08:45:25 MDT,867,3.60000,86.00000,,,,
2021-03-22 08:50:26 MDT,868,3.80000,86.00000,,,,
2021-03-22 08:55:26 MDT,869,3.60000,87.00000,,,,
2021-03-22 09:00:26 MDT,870,3.80000,87.00000,,,,
2021-03-22 09:05:27 MDT,871,3.90000,86.00000,,,,
2021-03-22 09:10:27 MDT,872,4.00000,85.00000,,,,
2021-03-22 09:15:28 MDT,873,4.10000,84.00000,,,,
2021-03-22 09:20:29 MDT,874,4.00000,85.00000,,,,
2021-03-22 09:25:29 MDT,875,3.90000,85.00000,,,,
2021-03-22 09:30:30 MDT,876,3.60000,87.00000,,,,
2021-03-22 09:35:31 MDT,877,3.20000,87.00000,,,,
2021-03-22 09:40:31 MDT,878,3.10000,87.00000,,,,
2021-03-22 09:45:31 MDT,879,3.50000,87.00000,,,,
2021-03-22 09:50:32 MDT,880,3.60000,87.00000,,,,
2021-03-22 09:55:32 MDT,881,3.70000,87.00000,,,,
2021-03-22 10:00:33 MDT,882,4.00000,87.00000,,,,
2021-03-22 10:05:33 MDT,883,4.50000,83.00000,,,,
2021-03-22 10:10:33 MDT,884,4.60000,83.00000,,,,
2021-03-22 10:15:34 MDT,885,4.50000,81.00000,,,,
2021-03-22 10:20:34 MDT,886,4.70000,81.00000,,,,
2021-03-22 10:25:35 MDT,887,4.40000,81.00000,,,,
2021-03-22 10:30:35 MDT,888,4.60000,81.00000,,,,
2021-03-22 10:35:36 MDT,889,4.60000,82.00000,,,,
2021-03-22 10:40:36 MDT,890,4.40000,81.00000,,,,
2021-03-22 10:45:37 MDT,891,4.30000,83.00000,,,,
2021-03-22 10:50:37 MDT,892,4.20000,83.00000,,,,
2021-03-22 10:55:37 MDT,893,4.10000,84.00000,,,,
2021-03-22 11:00:38 MDT,894,4.00000,85.00000,,,,
2021-03-22 11:05:39 MDT,895,4.20000,84.00000,,,,
2021-03-22 11:10:39 MDT,896,4.20000,84.00000,,,,
2021-03-22 11:15:39 MDT,897,4.40000,82.00000,,,,
2021-03-22 11:20:40 MDT,898,4.70000,82.00000,,,,
2021-03-22 11:25:40 MDT,899,5.10000,81.00000,,,,
2021-03-22 11:30:41 MDT,900,5.00000,80.00000,,,,
2021-03-22 11:35:41 MDT,901,4.50000,80.00000,,,,
2021-03-22 11:40:42 MDT,902,4.30000,83.00000,,,,
2021-03-22 11:45:42 MDT,903,4.70000,81.00000,,,,
2021-03-22 11:50:43 MDT,904,4.70000,81.00000,,,,
2021-03-22 11:55:44 MDT,905,4.70000,82.00000,,,,
2021-03-22 12:00:45 MDT,906,4.70000,83.00000,,,,
2021-03-22 12:05:45 MDT,907,5.50000,81.00000,,,,
2021-03-22 12:10:46 MDT,908,5.60000,78.00000,,,,
2021-03-22 12:15:46 MDT,909,5.50000,78.00000,,,,
2021-03-22 12:20:47 MDT,910,5.60000,78.00000,,,,
2021-03-22 12:25:47 MDT,911,5.70000,77.00000,,,,
2021-03-22 12:30:47 MDT,912,6.30000,75.00000,,,,
2021-03-22 12:35:48 MDT,913,6.90000,73.00000,,,,
2021-03-22 12:40:48 MDT,914,6.90000,71.00000,,,,
2021-03-22 12:45:49 MDT,915,7.00000,73.00000,,,,
2021-03-22 12:50:49 MDT,916,7.40000,70.00000,,,,
2021-03-22 12:55:50 MDT,917,7.80000,68.00000,,,,
2021-03-22 13:00:50 MDT,918,8.00000,67.00000,,,,
2021-03-22 13:05:51 MDT,919,8.10000,66.00000,,,,
2021-03-22 13:10:51 MDT,920,7.40000,67.00000,,,,
2021-03-22 13:15:52 MDT,921,7.20000,69.00000,,,,
2021-03-22 13:20:52 MDT,922,7.20000,68.00000,,,,
2021-03-22 13:25:53 MDT,923,6.90000,70.00000,,,,
2021-03-22 13:30:54 MDT,924,6.80000,73.00000,,,,
2021-03-22 13:35:54 MDT,925,7.00000,74.00000,,,,
2021-03-22 13:40:54 MDT,926,7.50000,70.00000,,,,
2021-03-22 13:45:55 MDT,927,8.10000,68.00000,,,,
2021-03-22 13:50:56 MDT,928,8.30000,68.00000,,,,
2021-03-22 13:55:56 MDT,929,7.80000,69.00000,,,,
2021-03-22 14:00:56 MDT,930,8.00000,71.00000,,,,
2021-03-22 14:05:57 MDT,931,8.00000,70.00000,,,,
2021-03-22 14:10:57 MDT,932,8.10000,67.00000,,,,
2021-03-22 14:15:58 MDT,933,7.70000,66.00000,,,,
2021-03-22 14:20:58 MDT,934,7.50000,66.00000,,,,
2021-03-22 14:25:59 MDT,935,7.40000,63.00000,,,,
2021-03-22 14:30:59 MDT,936,7.50000,64.00000,,,,
2021-03-22 14:36:00 MDT,937,7.50000,63.00000,,,,
2021-03-22 14:41:00 MDT,938,7.20000,62.00000,,,,
2021-03-22 14:46:01 MDT,939,7.20000,65.00000,,,,
2021-03-22 14:51:01 MDT,940,7.30000,62.00000,,,,
2021-03-22 14:56:02 MDT,941,7.30000,63.00000,,,,
2021-03-22 15:01:02 MDT,942,7.30000,62.00000,,,,
2021-03-22 15:06:03 MDT,943,7.00000,63.00000,,,,
2021-03-22 15:11:03 MDT,944,7.30000,62.00000,,,,
2021-03-22 15:16:04 MDT,945,7.60000,60.00000,,,,
2021-03-22 15:21:04 MDT,946,7.30000,61.00000,,,,
2021-03-22 15:26:05 MDT,947,7.00000,64.00000,,,,
2021-03-22 15:31:06 MDT,948,6.80000,65.00000,,,,
2021-03-22 15:36:07 MDT,949,6.40000,69.00000,,,,
2021-03-22 15:41:07 MDT,950,5.90000,69.00000,,,,
2021-03-22 15:46:08 MDT,951,5.90000,73.00000,,,,
2021-03-22 15:51:08 MDT,952,5.90000,73.00000,,,,
2021-03-22 15:56:09 MDT,953,5.70000,72.00000,,,,
2021-03-22 16:01:10 MDT,954,5.40000,72.00000,,,,
2021-03-22 16:06:10 MDT,955,5.50000,74.00000,,,,
2021-03-22 16:11:11 MDT,956,5.80000,73.00000,,,,
2021-03-22 16:16:11 MDT,957,5.90000,73.00000,,,,
2021-03-22 16:21:12 MDT,958,6.00000,71.00000,,,,
2021-03-22 16:26:13 MDT,959,6.10000,70.00000,,,,
2021-03-22 16:31:13 MDT,960,6.40000,70.00000,,,,
2021-03-22 16:36:14 MDT,961,6.80000,68.00000,,,,
2021-03-22 16:41:14 MDT,962,7.00000,65.00000,,,,
2021-03-22 16:46:15 MDT,963,6.60000,64.00000,,,,
2021-03-22 16:51:15 MDT,964,6.80000,64.00000,,,,
2021-03-22 16:56:16 MDT,965,7.20000,63.00000,,,,
2021-03-22 17:01:17 MDT,966,7.10000,62.00000,,,,
2021-03-22 17:06:17 MDT,967,6.90000,63.00000,,,,
2021-03-22 17:11:18 MDT,968,7.00000,64.00000,,,,
2021-03-22 17:16:18 MDT,969,6.50000,65.00000,,,,
2021-03-22 17:21:19 MDT,970,6.50000,66.00000,,,,
2021-03-22 17:26:19 MDT,971,6.70000,64.00000,,,,
2021-03-22 17:31:20 MDT,972,6.60000,63.00000,,,,
2021-03-22 17:36:20 MDT,973,6.60000,64.00000,,,,
2021-03-22 17:41:20 MDT,974,7.00000,62.00000,,,,
2021-03-22 17:46:21 MDT,975,7.40000,63.00000,,,,
2021-03-22 17:51:21 MDT,976,7.40000,63.00000,,,,
2021-03-22 17:56:22 MDT,977,7.30000,65.00000,,,,
2021-03-22 18:01:22 MDT,978,7.10000,69.00000,,,,
2021-03-22 18:06:23 MDT,979,6.80000,71.00000,,,,
2021-03-22 18:11:23 MDT,980,6.50000,74.00000,,,,
2021-03-22 18:16:23 MDT,981,6.20000,76.00000,,,,
2021-03-22 18:21:24 MDT,982,5.80000,78.00000,,,,
2021-03-22 18:26:24 MDT,983,5.50000,80.00000,,,,
2021-03-22 18:31:25 MDT,984,5.10000,81.00000,,,,
2021-03-22 18:36:25 MDT,985,5.00000,80.00000,,,,
2021-03-22 18:41:26 MDT,986,4.80000,80.00000,,,,
2021-03-22 18:46:26 MDT,987,4.70000,82.00000,,,,
2021-03-22 18:51:27 MDT,988,4.30000,84.00000,,,,
2021-03-22 18:56:28 MDT,989,4.30000,84.00000,,,,
2021-03-22 19:01:28 MDT,990,4.40000,85.00000,,,,
2021-03-22 19:06:29 MDT,991,4.80000,85.00000,,,,
2021-03-22 19:11:29 MDT,992,4.80000,85.00000,,,,
2021-03-22 19:16:30 MDT,993,4.60000,86.00000,,,,
2021-03-22 19:21:30 MDT,994,4.30000,87.00000,,,,
2021-03-22 19:26:31 MDT,995,4.10000,87.00000,,,,
2021-03-22 19:31:31 MDT,996,3.80000,87.00000,,,,
2021-03-22 19:36:32 MDT,997,3.90000,87.00000,,,,
2021-03-22 19:41:32 MDT,998,4.10000,87.00000,,,,
2021-03-22 19:46:33 MDT,999,4.00000,87.00000,,,,
2021-03-22 19:51:33 MDT,1000,3.70000,87.00000,,,,
2021-03-22 19:56:34 MDT,1001,3.70000,87.00000,,,,
2021-03-22 20:01:35 MDT,1002,3.50000,87.00000,,,,
2021-03-22 20:06:35 MDT,1003,3.60000,87.00000,,,,
2021-03-22 20:11:36 MDT,1004,3.30000,87.00000,,,,
2021-03-22 20:16:36 MDT,1005,3.20000,87.00000,,,,
2021-03-22 20:21:36 MDT,1006,3.20000,87.00000,,,,
2021-03-22 20:26:37 MDT,1007,3.60000,87.00000,,,,
2021-03-22 20:31:38 MDT,1008,3.80000,87.00000,,,,
2021-03-22 20:36:38 MDT,1009,3.40000,87.00000,,,,
2021-03-22 20:41:39 MDT,1010,3.10000,87.00000,,,,
2021-03-22 20:46:39 MDT,1011,2.70000,87.00000,,,,
2021-03-22 20:51:40 MDT,1012,2.60000,87.00000,,,,
2021-03-22 20:56:41 MDT,1013,2.40000,87.00000,,,,
2021-03-22 21:01:42 MDT,1014,2.40000,87.00000,,,,
2021-03-22 21:06:43 MDT,1015,2.50000,87.00000,,,,
2021-03-22 21:11:43 MDT,1016,2.40000,87.00000,,,,
2021-03-22 21:16:44 MDT,1017,2.30000,87.00000,,,,
2021-03-22 21:21:45 MDT,1018,2.20000,87.00000,,,,
2021-03-22 21:26:46 MDT,1019,2.00000,87.00000,,,,
2021-03-22 21:31:46 MDT,1020,1.90000,86.00000,,,,
2021-03-22 21:36:47 MDT,1021,2.10000,87.00000,,,,
2021-03-22 21:41:47 MDT,1022,1.90000,86.00000,,,,
2021-03-22 21:46:48 MDT,1023,1.90000,86.00000,,,,
2021-03-22 21:51:48 MDT,1024,1.80000,86.00000,,,,
2021-03-22 21:56:49 MDT,1025,2.10000,87.00000,,,,
2021-03-22 22:01:49 MDT,1026,2.50000,87.00000,,,,
2021-03-22 22:06:50 MDT,1027,2.60000,87.00000,,,,
2021-03-22 22:11:51 MDT,1028,2.40000,87.00000,,,,
2021-03-22 22:16:51 MDT,1029,1.90000,86.00000,,,,
2021-03-22 22:21:52 MDT,1030,1.70000,86.00000,,,,
2021-03-22 22:26:52 MDT,1031,1.60000,86.00000,,,,
2021-03-22 22:31:53 MDT,1032,1.80000,86.00000,,,,
2021-03-22 22:36:53 MDT,1033,2.00000,87.00000,,,,
2021-03-22 22:41:54 MDT,1034,2.20000,87.00000,,,,
2021-03-22 22:46:54 MDT,1035,2.30000,87.00000,,,,
2021-03-22 22:51:55 MDT,1036,2.40000,87.00000,,,,
2021-03-22 22:56:55 MDT,1037,2.30000,87.00000,,,,
2021-03-22 23:01:56 MDT,1038,2.60000,87.00000,,,,
2021-03-22 23:06:56 MDT,1039,2.70000,87.00000,,,,
2021-03-22 23:11:56 MDT,1040,2.50000,87.00000,,,,
2021-03-22 23:16:57 MDT,1041,3.00000,87.00000,,,,
2021-03-22 23:21:57 MDT,1042,3.20000,87.00000,,,,
2021-03-22 23:26:58 MDT,1043,3.30000,87.00000,,,,
2021-03-22 23:31:58 MDT,1044,3.40000,87.00000,,,,
2021-03-22 23:36:58 MDT,1045,3.30000,87.00000,,,,
2021-03-22 23:41:59 MDT,1046,3.10000,87.00000,,,,
2021-03-22 23:46:59 MDT,1047,3.60000,87.00000,,,,
2021-03-22 23:52:00 MDT,1048,3.60000,87.00000,,,,
2021-03-22 23:57:00 MDT,1049,3.90000,87.00000,,,,
2021-03-23 00:02:01 MDT,1050,3.90000,87.00000,,,,
2021-03-23 00:07:01 MDT,1051,3.80000,87.00000,,,,
2021-03-23 00:12:02 MDT,1052,3.70000,87.00000,,,,
2021-03-23 00:17:02 MDT,1053,3.60000,87.00000,,,,
2021-03-23 00:22:03 MDT,1054,3.50000,87.00000,,,,
2021-03-23 00:27:03 MDT,1055,3.50000,87.00000,,,,
2021-03-23 00:32:04 MDT,1056,3.40000,87.00000,,,,
2021-03-23 00:37:04 MDT,1057,3.10000,87.00000,,,,
2021-03-23 00:42:05 MDT,1058,3.30000,87.00000,,,,
2021-03-23 00:47:05 MDT,1059,3.60000,87.00000,,,,
2021-03-23 00:52:06 MDT,1060,3.40000,87.00000,,,,
2021-03-23 00:57:07 MDT,1061,3.50000,87.00000,,,,
2021-03-23 01:02:07 MDT,1062,3.30000,87.00000,,,,
2021-03-23 01:07:08 MDT,1063,3.00000,87.00000,,,,
2021-03-23 01:12:09 MDT,1064,2.90000,87.00000,,,,
2021-03-23 01:17:10 MDT,1065,2.80000,87.00000,,,,
2021-03-23 01:22:13 MDT,1066,2.80000,87.00000,,,,
2021-03-23 01:27:14 MDT,1067,3.10000,87.00000,,,,
2021-03-23 01:32:14 MDT,1068,3.00000,87.00000,,,,
2021-03-23 01:37:15 MDT,1069,2.90000,87.00000,,,,
